{"loss": [1.3357685804367065, 0.44389843940734863, 0.2702923119068146, 0.1896364688873291, 0.13966912031173706], "accuracy": [0.6062451004981995, 0.8610996603965759, 0.9127676486968994, 0.9394124746322632, 0.954619824886322], "val_loss": [0.4970284700393677, 0.32758593559265137, 0.20902560651302338, 0.15088927745819092, 0.18503352999687195], "val_accuracy": [0.843273401260376, 0.8940359950065613, 0.9331322312355042, 0.9507739543914795, 0.9462212324142456]}