{"loss": [1.3658771514892578, 0.4417684078216553, 0.25715360045433044, 0.17832212150096893, 0.13201089203357697, 0.1019594743847847, 0.08235588669776917, 0.07871056348085403, 0.0640033632516861, 0.05799473077058792], "accuracy": [0.5967991948127747, 0.8592360615730286, 0.9165516495704651, 0.9409061670303345, 0.9564691781997681, 0.9659292697906494, 0.972942590713501, 0.9742655754089355, 0.9796998500823975, 0.9809090495109558], "val_loss": [0.5084878206253052, 0.2984941601753235, 0.2557844817638397, 0.2023068368434906, 0.1574762910604477, 0.212576225399971, 0.15830488502979279, 0.12480650097131729, 0.12176676094532013, 0.09233912080526352], "val_accuracy": [0.8382654190063477, 0.9029706120491028, 0.9190188646316528, 0.936034619808197, 0.9492374062538147, 0.9384816884994507, 0.9548144936561584, 0.9624402523040771, 0.9632938504219055, 0.9733667373657227]}